farm_id;region;crop_type;soil_moisture_%;soil_pH;temperature_C;rainfall_mm;humidity_%;sunlight_hours;irrigation_type;fertilizer_type;pesticide_usage_ml;sowing_date;harvest_date;total_days;yield_kg_per_hectare;sensor_id;timestamp;latitude;longitude;NDVI_index;crop_disease_status
FARM0003;South USA;Wheat;29.32;7.16;27.37;265.43;68.87;8.23;Drip;Mixed;15.26;03/02/2024;26/06/2024;144;2931.16;SENS0003;28/02/2024;19.503.156;79.068.206;0.8;Mild
FARM0008;East Africa;Maize;27.1;5.72;22.26;296.33;80.34;5.44;Sprinkler;Mixed;47.61;24/01/2024;24/05/2024;121;5264.09;SENS0008;30/04/2024;23.317.654;7.251.521;0.7;Mild
FARM0009;Central USA;Soybean;40.54;6.35;19.24;184.82;76.5;5.21;Manual;Inorganic;49.78;12/03/2024;08/07/2024;118;5598.46;SENS0009;08/05/2024;13.025.105;74.493.947;0.5;Mild
FARM0010;East Africa;Rice;10.25;6.92;16.18;66.85;41.57;5.98;Sprinkler;Inorganic;35.1;18/01/2024;25/04/2024;98;4893.41;SENS0010;31/03/2024;24.405.291;74.859.945;0.58;Severe
FARM0011;South India;Wheat;13.39;6.36;23.47;166.76;76.45;8.04;Drip;Organic;23.12;26/02/2024;20/07/2024;145;2437.08;SENS0011;15/04/2024;14.755.223;78.972.271;0.55;Moderate
FARM0014;North India;Soybean;12.8;5.87;26.9;218.8;51.76;4.72;Sprinkler;Mixed;31.75;03/03/2024;27/06/2024;116;4629.49;SENS0014;14/05/2024;23.069.568;88.694.125;0.42;Moderate
FARM0016;Central USA;Maize;15.52;7.17;29.07;202.92;89.36;7.92;Drip;Mixed;41.77;22/02/2024;28/05/2024;96;5755.72;SENS0016;10/03/2024;16.611.648;87.794.254;0.75;Mild
FARM0017;Central USA;Maize;31.17;6.94;19.07;208.56;53.2;6.93;Drip;Organic;33.54;02/02/2024;02/05/2024;90;3334.23;SENS0017;18/02/2024;25.927.834;75.239.105;0.74;Severe
FARM0021;North India;Maize;16.25;7.43;20.31;77.1;61.73;8.37;Manual;Inorganic;32.28;04/03/2024;26/06/2024;114;5598.02;SENS0021;28/03/2024;16.368.063;84.175.706;0.3;Mild
FARM0022;Central USA;Cotton;12.45;6.83;21.6;128.48;82.4;8.32;Manual;Mixed;18.92;11/02/2024;05/06/2024;115;4788.83;SENS0022;21/04/2024;13.182.195;78.408.927;0.86;Mild
FARM0023;East Africa;Soybean;20.53;6.6;15.01;121.73;61.49;7.48;Manual;Inorganic;24.88;07/03/2024;07/07/2024;122;3892.74;SENS0023;30/06/2024;339.958;84.719.229;0.7;Moderate
FARM0024;East Africa;Soybean;21.73;7.14;30.02;218.2;51.23;5.19;Drip;Organic;16.02;20/02/2024;13/07/2024;144;5073.96;SENS0024;15/06/2024;20.361.025;82.595.308;0.42;Severe
FARM0027;Central USA;Cotton;12.71;6.07;20.43;129.93;67.01;4.83;Sprinkler;Inorganic;36.23;07/03/2024;09/06/2024;94;3659.47;SENS0027;18/04/2024;23.565.279;78.315.485;0.42;Severe
FARM0028;South USA;Soybean;43.11;5.54;32.61;193.92;63.85;9.66;Manual;Inorganic;43.41;18/02/2024;04/07/2024;137;4938.54;SENS0028;14/04/2024;22.205.737;75.458.706;0.59;Severe
FARM0029;Central USA;Cotton;35.35;7.18;33.39;295.18;66.71;9.44;Drip;Organic;33.92;28/01/2024;26/05/2024;119;2726.92;SENS0029;01/03/2024;19.477.597;74.233.206;0.5;Severe
FARM0030;Central USA;Cotton;18.83;5.66;15.39;184.85;90.0;6.1;Drip;Mixed;6.81;08/01/2024;19/04/2024;102;5356.92;SENS0030;27/03/2024;13.809.559;72.524.419;0.7;Mild
FARM0031;South USA;Maize;36.84;5.84;27.14;236.98;45.73;8.92;Manual;Organic;31.04;19/02/2024;01/07/2024;133;5632.1;SENS0031;25/05/2024;19.916.361;84.300.294;0.35;Mild
FARM0034;East Africa;Soybean;33.39;6.17;24.89;131.25;64.38;6.13;Manual;Inorganic;17.58;23/03/2024;16/08/2024;146;3105.07;SENS0034;25/03/2024;22.915.681;73.821.128;0.44;Severe
FARM0035;South USA;Soybean;36.54;6.88;27.92;172.71;79.65;4.56;Sprinkler;Inorganic;36.13;22/02/2024;28/06/2024;127;3476.08;SENS0035;20/05/2024;20.637.595;84.918.709;0.5;Severe
FARM0036;Central USA;Maize;18.8;5.74;18.85;79.89;66.79;8.57;Sprinkler;Organic;14.74;09/02/2024;24/06/2024;136;4358.35;SENS0036;22/06/2024;24.919.769;89.610.213;0.8;Moderate
FARM0038;Central USA;Cotton;13.99;5.63;24.83;194.26;74.32;4.91;Manual;Organic;49.73;18/01/2024;04/06/2024;138;3664.7;SENS0038;15/03/2024;29.392.338;77.607.561;0.85;Moderate
FARM0039;East Africa;Cotton;20.69;6.74;27.19;235.02;87.38;5.25;Sprinkler;Inorganic;34.72;08/01/2024;18/04/2024;101;4207.97;SENS0039;28/01/2024;10.066.893;79.010.074;0.66;Moderate
FARM0040;North India;Rice;20.08;6.07;32.19;67.79;51.67;5.59;Sprinkler;Inorganic;10.16;21/01/2024;29/04/2024;99;5633.65;SENS0040;08/02/2024;11.785.246;73.318.456;0.48;Moderate
FARM0041;South USA;Wheat;26.4;6.11;23.05;118.06;67.0;6.63;Drip;Inorganic;38.05;09/03/2024;08/06/2024;91;2365.31;SENS0041;03/06/2024;30.898.965;81.503.982;0.87;Moderate
FARM0046;Central USA;Soybean;19.35;5.51;29.52;259.37;69.0;7.96;Sprinkler;Inorganic;29.24;11/02/2024;15/06/2024;125;5051.49;SENS0046;30/03/2024;21.383.615;76.435.547;0.41;Mild
FARM0048;North India;Soybean;41.87;5.53;17.88;267.73;88.5;4.45;Manual;Inorganic;33.05;21/02/2024;26/05/2024;95;5407.06;SENS0048;17/05/2024;31.483.555;77.600.188;0.49;Severe
FARM0049;East Africa;Wheat;31.61;5.97;28.69;121.84;51.37;4.54;Drip;Mixed;36.68;15/01/2024;24/04/2024;100;4776.0;SENS0049;18/01/2024;11.149.774;85.922.869;0.48;Moderate
FARM0051;Central USA;Soybean;15.53;6.38;21.91;196.89;71.95;6.55;Manual;Inorganic;43.04;13/01/2024;05/06/2024;144;3932.83;SENS0051;13/03/2024;19.534.107;77.179.183;0.48;Moderate
FARM0058;North India;Maize;18.52;5.75;26.29;67.15;78.26;5.24;Sprinkler;Organic;19.79;26/01/2024;21/06/2024;147;4383.93;SENS0058;05/04/2024;31.460.153;7.289.376;0.38;Moderate
FARM0064;Central USA;Soybean;17.92;6.36;26.22;241.86;71.09;8.05;Drip;Mixed;46.81;09/03/2024;08/06/2024;91;2721.66;SENS0064;06/06/2024;29.060.238;8.843.075;0.51;Mild
FARM0066;South India;Soybean;11.74;5.66;23.86;156.0;70.35;6.49;Sprinkler;Mixed;10.12;04/02/2024;22/05/2024;108;4712.87;SENS0066;19/04/2024;22.165.819;83.342.651;0.33;Severe
FARM0069;North India;Rice;25.25;6.3;16.57;267.63;77.29;5.33;Sprinkler;Organic;27.97;17/01/2024;18/05/2024;122;2775.61;SENS0069;25/04/2024;18.734.382;84.547.582;0.79;Mild
FARM0072;South USA;Soybean;32.81;6.14;24.51;87.72;43.09;4.62;Manual;Mixed;8.79;06/03/2024;06/06/2024;92;2990.97;SENS0072;01/05/2024;34.774.651;80.481.371;0.67;Moderate
FARM0075;South USA;Soybean;22.66;6.23;18.61;103.55;87.38;6.92;Sprinkler;Organic;11.97;28/02/2024;17/07/2024;140;2404.56;SENS0075;15/07/2024;30.877.996;87.673.643;0.32;Moderate
FARM0078;East Africa;Wheat;34.9;6.53;17.49;70.97;48.02;6.7;Sprinkler;Inorganic;9.13;27/01/2024;24/05/2024;118;5538.52;SENS0078;30/01/2024;20.372.423;77.929.079;0.52;Severe
FARM0079;North India;Maize;17.86;6.14;16.98;228.68;56.76;4.88;Drip;Inorganic;46.28;23/02/2024;15/07/2024;143;2555.17;SENS0079;22/06/2024;21.215.037;70.105.024;0.35;Moderate
FARM0080;South India;Rice;29.21;6.95;25.56;77.8;54.41;5.81;Drip;Organic;23.89;15/03/2024;17/06/2024;94;2443.43;SENS0080;17/05/2024;24.918.476;70.328.707;0.61;Mild
FARM0081;South India;Maize;25.02;6.73;19.81;154.14;73.22;4.51;Manual;Organic;47.9;17/03/2024;04/08/2024;140;5953.33;SENS0081;22/03/2024;19.761.343;79.402.702;0.68;Moderate
FARM0082;Central USA;Wheat;22.5;5.64;19.82;214.28;45.18;7.49;Manual;Organic;7.0;11/03/2024;31/07/2024;142;4571.18;SENS0082;07/07/2024;3.452.048;79.570.623;0.41;Mild
FARM0085;Central USA;Wheat;12.8;6.82;21.13;200.66;61.31;8.14;Manual;Inorganic;6.91;20/02/2024;16/06/2024;117;3098.22;SENS0085;31/05/2024;33.697.609;71.500.823;0.68;Moderate
FARM0086;East Africa;Rice;43.35;5.79;27.15;245.33;41.74;4.4;Manual;Inorganic;22.23;02/03/2024;08/07/2024;128;2613.75;SENS0086;25/06/2024;33.720.588;77.440.268;0.76;Mild
FARM0088;South India;Wheat;25.82;7.3;23.9;71.95;74.1;9.07;Manual;Mixed;20.63;18/01/2024;21/05/2024;124;3161.45;SENS0088;25/02/2024;31.284.051;84.236.182;0.86;Mild
FARM0089;Central USA;Soybean;17.85;7.47;30.84;109.18;64.7;6.17;Manual;Inorganic;41.16;05/03/2024;12/07/2024;129;5536.99;SENS0089;21/03/2024;17.732.268;89.991.901;0.73;Severe
FARM0090;South USA;Soybean;12.58;7.44;27.85;162.49;74.01;6.07;Sprinkler;Organic;24.47;27/01/2024;03/05/2024;97;4072.41;SENS0090;05/03/2024;14.116.427;76.453.215;0.73;Moderate
FARM0092;North India;Wheat;11.59;6.78;26.54;212.78;78.35;6.5;Drip;Inorganic;45.0;10/03/2024;19/07/2024;131;5826.6;SENS0092;11/07/2024;16.121.948;86.146.986;0.54;Severe
FARM0093;North India;Wheat;15.53;6.33;24.29;135.05;47.18;9.17;Manual;Mixed;49.46;13/02/2024;21/05/2024;98;5042.66;SENS0093;18/04/2024;2.404.128;76.382.318;0.58;Moderate
FARM0094;South USA;Rice;14.93;5.6;33.91;266.04;60.91;9.78;Sprinkler;Inorganic;47.02;11/03/2024;21/06/2024;102;5052.49;SENS0094;13/05/2024;34.899.235;79.336.302;0.83;Severe
FARM0098;East Africa;Maize;27.76;6.52;24.8;190.73;63.74;4.1;Manual;Mixed;9.93;19/02/2024;07/06/2024;109;5187.02;SENS0098;21/05/2024;31.802.478;8.258.521;0.66;Moderate
FARM0100;South India;Cotton;27.56;6.72;24.43;262.09;76.37;8.23;Sprinkler;Mixed;19.63;16/03/2024;17/07/2024;123;3507.3;SENS0100;16/07/2024;14.329.561;88.242.483;0.51;Moderate
FARM0102;East Africa;Soybean;23.29;7.46;31.37;288.65;80.23;5.74;Manual;Mixed;8.56;21/02/2024;06/06/2024;106;4989.35;SENS0102;19/03/2024;150.517;80.771.558;0.86;Moderate
FARM0103;South India;Wheat;31.55;6.67;19.85;217.46;66.55;7.83;Drip;Organic;23.6;16/03/2024;20/06/2024;96;4724.77;SENS0103;02/04/2024;10.129.536;81.007.051;0.86;Severe
FARM0104;South USA;Cotton;32.77;7.01;20.74;121.35;42.96;8.61;Sprinkler;Mixed;38.24;06/01/2024;01/05/2024;116;5528.98;SENS0104;28/01/2024;33.348.065;70.726.797;0.8;Severe
FARM0109;East Africa;Cotton;28.49;6.22;33.34;78.05;81.44;9.42;Sprinkler;Mixed;29.15;11/01/2024;03/06/2024;144;4081.37;SENS0109;09/02/2024;27.007.381;84.338.359;0.59;Severe
FARM0112;Central USA;Wheat;16.25;6.57;25.58;231.96;51.13;4.02;Drip;Inorganic;25.84;18/03/2024;13/07/2024;117;4127.73;SENS0112;01/07/2024;15.741.602;79.212.506;0.39;Mild
FARM0113;North India;Wheat;38.33;6.34;30.32;270.94;40.78;5.24;Drip;Mixed;6.51;22/03/2024;04/08/2024;135;5488.85;SENS0113;23/05/2024;28.513.527;78.045.307;0.44;Mild
FARM0114;North India;Rice;27.64;6.08;31.32;232.88;55.95;7.59;Manual;Organic;18.58;22/01/2024;24/05/2024;123;2884.17;SENS0114;29/02/2024;16.878.848;81.134.362;0.66;Mild
FARM0117;South India;Soybean;35.35;6.62;24.59;267.37;56.65;9.74;Drip;Organic;47.17;04/03/2024;19/07/2024;137;5998.29;SENS0117;04/07/2024;32.861.032;83.912.526;0.72;Severe
FARM0120;South USA;Rice;35.65;6.2;17.8;186.64;49.2;9.34;Drip;Mixed;6.52;27/01/2024;07/06/2024;132;2194.06;SENS0120;28/01/2024;20.309.806;86.850.894;0.44;Mild
FARM0124;Central USA;Wheat;42.35;6.87;20.61;185.76;72.91;5.08;Manual;Organic;48.27;05/03/2024;21/07/2024;138;5282.76;SENS0124;14/06/2024;33.221.874;75.985.538;0.64;Severe
FARM0126;Central USA;Cotton;27.17;6.21;33.82;157.96;73.98;7.96;Drip;Mixed;18.29;23/01/2024;26/04/2024;94;2328.15;SENS0126;11/02/2024;19.5;85.677.806;0.39;Severe
FARM0127;Central USA;Maize;13.73;5.51;21.17;139.98;53.49;4.8;Sprinkler;Inorganic;25.2;17/03/2024;11/07/2024;116;2413.17;SENS0127;28/03/2024;18.847.857;71.861.285;0.66;Moderate
FARM0128;South USA;Wheat;20.21;6.28;16.69;275.28;85.26;9.87;Sprinkler;Mixed;22.13;09/01/2024;27/04/2024;109;3073.63;SENS0128;27/01/2024;11.581.679;78.693.525;0.55;Severe
FARM0129;North India;Maize;18.81;5.99;27.5;198.45;49.78;4.64;Manual;Organic;47.7;27/02/2024;05/07/2024;129;3519.56;SENS0129;21/05/2024;21.005.573;78.612.324;0.79;Mild
FARM0132;East Africa;Cotton;28.7;7.35;32.39;154.58;41.84;9.81;Drip;Organic;39.6;22/03/2024;12/07/2024;112;2665.35;SENS0132;08/06/2024;11.107.417;89.672.164;0.71;Severe
FARM0133;Central USA;Cotton;13.71;5.7;19.44;236.71;67.9;8.13;Sprinkler;Inorganic;21.84;25/02/2024;07/07/2024;133;4354.36;SENS0133;02/07/2024;13.768.623;89.954.055;0.59;Moderate
FARM0136;East Africa;Cotton;23.61;6.91;19.12;238.08;80.44;4.38;Drip;Mixed;13.41;07/02/2024;05/06/2024;119;2455.82;SENS0136;02/05/2024;31.565.914;805.543;0.68;Severe
FARM0137;East Africa;Cotton;30.55;6.2;31.91;204.34;80.69;8.24;Manual;Mixed;31.56;05/03/2024;23/06/2024;110;2471.45;SENS0137;13/04/2024;12.923.723;77.466.121;0.38;Severe
FARM0138;South USA;Soybean;14.83;6.27;18.72;208.88;74.67;7.87;Sprinkler;Mixed;12.51;05/02/2024;16/05/2024;101;3258.32;SENS0138;02/04/2024;25.485.249;87.310.445;0.87;Severe
FARM0140;East Africa;Cotton;29.24;5.73;17.28;243.78;81.16;6.2;Drip;Mixed;24.86;14/01/2024;19/04/2024;96;4943.95;SENS0140;06/04/2024;28.783.637;75.954.179;0.9;Severe
FARM0141;Central USA;Maize;40.18;5.67;32.31;79.35;80.59;5.26;Manual;Mixed;32.46;06/02/2024;14/06/2024;129;2556.94;SENS0141;29/03/2024;30.338.247;8.610.881;0.64;Moderate
FARM0142;East Africa;Soybean;15.89;7.46;20.85;193.18;87.62;7.09;Drip;Organic;48.32;02/02/2024;19/05/2024;107;5468.19;SENS0142;18/02/2024;27.535.663;72.653.817;0.39;Moderate
FARM0145;South USA;Wheat;14.35;7.22;23.83;50.17;87.9;5.21;Sprinkler;Mixed;18.58;03/02/2024;13/06/2024;131;3441.74;SENS0145;24/02/2024;19.296.094;88.076.005;0.4;Severe
FARM0147;North India;Wheat;20.97;7.26;17.74;243.37;77.66;4.8;Sprinkler;Organic;28.87;20/01/2024;30/05/2024;131;2656.47;SENS0147;18/04/2024;28.060.801;82.561.601;0.39;Severe
FARM0149;South India;Soybean;31.24;5.88;22.84;211.54;79.19;8.76;Sprinkler;Inorganic;22.36;16/01/2024;25/05/2024;130;4375.72;SENS0149;19/01/2024;34.672.063;88.678.488;0.38;Severe
FARM0150;Central USA;Soybean;33.9;7.03;34.09;242.59;40.83;4.41;Manual;Organic;6.79;26/01/2024;20/05/2024;115;4026.44;SENS0150;15/04/2024;27.815.727;853.422;0.55;Severe
FARM0151;North India;Soybean;28.82;5.81;16.67;69.76;86.05;9.85;Sprinkler;Mixed;19.7;21/03/2024;06/08/2024;138;5338.11;SENS0151;06/04/2024;17.754.237;78.749.721;0.87;Mild
FARM0152;North India;Rice;13.02;6.37;24.07;202.21;55.46;8.45;Sprinkler;Organic;5.57;23/01/2024;22/04/2024;90;2655.33;SENS0152;07/03/2024;23.075.134;85.659.742;0.73;Mild
FARM0154;Central USA;Rice;18.93;5.71;26.48;230.69;51.42;7.05;Drip;Organic;16.0;12/02/2024;05/06/2024;114;5680.91;SENS0154;05/03/2024;33.279.002;87.149.704;0.63;Severe
FARM0158;South USA;Wheat;30.33;6.51;27.74;148.59;69.59;4.37;Sprinkler;Organic;18.13;26/02/2024;20/06/2024;115;4802.9;SENS0158;30/05/2024;18.156.289;79.055.157;0.44;Mild
FARM0159;South India;Soybean;13.81;5.71;23.99;128.51;46.04;6.15;Sprinkler;Inorganic;18.87;28/02/2024;04/06/2024;97;2361.68;SENS0159;25/05/2024;17.605.375;84.094.096;0.66;Mild
FARM0163;South USA;Cotton;40.9;6.46;16.75;145.75;60.96;7.86;Sprinkler;Mixed;49.73;26/03/2024;25/06/2024;91;5957.61;SENS0163;25/06/2024;18.977.803;80.890.356;0.59;Moderate
FARM0165;South India;Soybean;39.63;7.09;22.1;259.81;82.26;5.06;Manual;Mixed;36.39;01/03/2024;14/07/2024;135;4802.24;SENS0165;06/04/2024;24.077.722;73.764.673;0.89;Severe
FARM0166;East Africa;Maize;16.14;5.58;16.12;200.42;41.0;6.87;Manual;Mixed;14.07;11/01/2024;25/05/2024;135;2709.84;SENS0166;02/04/2024;11.488.899;7.295.424;0.72;Mild
FARM0167;North India;Soybean;40.12;7.42;22.47;285.48;59.78;4.61;Manual;Inorganic;11.14;24/01/2024;22/06/2024;150;3747.47;SENS0167;27/05/2024;26.229.507;73.484.053;0.88;Moderate
FARM0169;North India;Rice;22.14;6.14;27.72;290.77;81.08;8.02;Manual;Inorganic;5.51;08/01/2024;21/05/2024;134;2271.18;SENS0169;13/03/2024;296.755;84.408.272;0.33;Severe
FARM0172;Central USA;Rice;13.36;6.29;25.99;172.74;42.73;4.02;Drip;Inorganic;42.08;20/03/2024;18/07/2024;120;2798.7;SENS0172;23/03/2024;15.173.825;82.763.813;0.89;Severe
FARM0178;Central USA;Maize;10.71;7.13;21.06;120.09;64.58;8.18;Drip;Organic;11.05;15/03/2024;01/08/2024;139;5303.29;SENS0178;22/05/2024;28.219.985;82.099.583;0.35;Severe
FARM0180;South India;Wheat;25.98;7.34;29.09;118.49;81.18;7.03;Drip;Mixed;6.38;16/02/2024;23/06/2024;128;3784.41;SENS0180;16/06/2024;24.672.006;76.995.198;0.4;Moderate
FARM0181;North India;Maize;10.96;5.6;32.08;244.96;50.72;5.33;Sprinkler;Mixed;14.3;14/03/2024;14/07/2024;122;2080.21;SENS0181;21/06/2024;34.178.459;83.643.995;0.58;Mild
FARM0183;North India;Soybean;44.98;7.43;31.79;190.36;69.69;5.7;Drip;Inorganic;7.87;21/02/2024;10/06/2024;110;5445.97;SENS0183;25/03/2024;2.640.299;89.043.756;0.69;Mild
FARM0184;South India;Soybean;36.79;7.3;31.11;250.59;70.0;7.96;Sprinkler;Mixed;6.15;10/02/2024;26/05/2024;106;5627.65;SENS0184;01/04/2024;19.706.873;7.070.638;0.72;Mild
FARM0185;Central USA;Rice;34.02;6.78;24.51;285.17;57.92;5.8;Sprinkler;Mixed;44.44;10/01/2024;15/04/2024;96;3883.12;SENS0185;13/04/2024;16.466.296;86.166.877;0.76;Mild
FARM0186;Central USA;Wheat;17.78;5.95;32.43;155.12;84.34;6.23;Manual;Inorganic;43.3;02/02/2024;26/06/2024;145;4537.59;SENS0186;20/02/2024;21.805.492;73.890.876;0.37;Severe
FARM0189;Central USA;Soybean;16.67;6.85;27.53;112.21;74.68;6.07;Sprinkler;Organic;22.26;10/03/2024;18/06/2024;100;2261.15;SENS0189;15/03/2024;17.455.056;75.816.556;0.74;Moderate
FARM0192;Central USA;Cotton;33.16;6.82;20.4;201.41;46.86;8.98;Drip;Mixed;37.34;10/01/2024;16/04/2024;97;5139.04;SENS0192;13/03/2024;14.966.167;73.994.988;0.46;Mild
FARM0194;Central USA;Rice;25.99;7.45;20.28;62.52;80.66;9.24;Manual;Inorganic;41.07;14/02/2024;30/06/2024;137;2463.6;SENS0194;25/02/2024;10.241.808;72.767.889;0.69;Moderate
FARM0196;South India;Wheat;24.56;6.68;31.05;219.6;49.06;6.28;Manual;Mixed;6.3;27/03/2024;10/08/2024;136;5893.78;SENS0196;29/04/2024;22.076.991;79.762.456;0.83;Severe
FARM0197;North India;Wheat;19.16;6.13;29.09;219.48;78.38;7.46;Sprinkler;Mixed;44.29;17/03/2024;29/07/2024;134;4802.32;SENS0197;10/04/2024;20.821.198;84.533.039;0.59;Severe
FARM0201;North India;Maize;22.43;6.77;31.0;186.92;58.69;4.64;Sprinkler;Inorganic;11.32;24/03/2024;07/08/2024;136;3636.84;SENS0201;28/05/2024;25.271.294;73.750.868;0.86;Severe
FARM0202;South India;Cotton;38.86;5.88;21.76;239.29;42.33;7.8;Drip;Inorganic;25.58;17/03/2024;23/06/2024;98;5855.42;SENS0202;17/03/2024;23.259.109;70.971.432;0.86;Severe
FARM0203;East Africa;Rice;34.21;5.85;31.3;75.89;72.88;7.64;Manual;Mixed;44.66;20/02/2024;17/07/2024;148;4770.06;SENS0203;23/04/2024;16.839.897;89.271.871;0.88;Severe
FARM0204;South India;Rice;24.45;6.9;29.97;124.73;75.07;9.16;Sprinkler;Organic;14.44;10/03/2024;21/07/2024;133;3381.17;SENS0204;12/04/2024;34.533.387;83.001.728;0.87;Moderate
FARM0205;North India;Maize;29.68;6.67;33.85;227.53;73.71;9.36;Manual;Inorganic;41.37;04/03/2024;03/06/2024;91;3523.48;SENS0205;10/03/2024;26.756.354;73.998.048;0.75;Mild
FARM0207;North India;Cotton;23.56;7.41;34.52;128.16;67.61;4.08;Manual;Organic;32.93;27/02/2024;10/06/2024;104;5645.95;SENS0207;27/05/2024;27.738.636;77.354.822;0.65;Mild
FARM0209;South India;Maize;30.89;7.05;27.51;260.78;55.06;8.74;Manual;Organic;40.28;17/02/2024;31/05/2024;104;5827.95;SENS0209;23/04/2024;11.704.412;80.102.807;0.55;Severe
FARM0211;North India;Maize;23.35;7.09;17.27;114.15;76.2;4.15;Manual;Mixed;41.13;16/02/2024;18/05/2024;92;3185.74;SENS0211;09/05/2024;1.481.281;80.277.894;0.87;Mild
FARM0212;East Africa;Soybean;10.26;5.63;28.41;243.4;83.25;6.55;Drip;Organic;29.2;24/03/2024;10/08/2024;139;3740.95;SENS0212;11/04/2024;28.672.271;73.075.092;0.58;Moderate
FARM0214;East Africa;Wheat;34.53;5.65;33.56;76.53;79.34;5.81;Drip;Inorganic;39.44;13/02/2024;07/06/2024;115;5288.49;SENS0214;16/02/2024;21.849.692;80.669.355;0.38;Severe
FARM0215;East Africa;Maize;43.6;5.79;28.55;278.54;79.75;8.38;Manual;Organic;29.91;05/03/2024;10/06/2024;97;2167.09;SENS0215;17/05/2024;24.916.372;80.743.041;0.87;Moderate
FARM0217;Central USA;Wheat;18.77;5.89;26.61;287.88;57.86;8.03;Sprinkler;Organic;17.83;07/01/2024;26/04/2024;110;3943.44;SENS0217;18/02/2024;25.408.561;7.611.351;0.65;Moderate
FARM0219;Central USA;Rice;41.2;5.89;29.67;206.65;76.37;9.35;Drip;Mixed;31.05;07/03/2024;02/08/2024;148;2146.63;SENS0219;12/05/2024;23.586.733;89.974.564;0.58;Mild
FARM0221;South USA;Maize;11.41;7.02;19.63;116.09;51.7;8.01;Manual;Inorganic;26.14;02/02/2024;04/05/2024;92;5922.36;SENS0221;14/03/2024;12.580.625;89.368.828;0.68;Moderate
FARM0223;East Africa;Rice;25.4;5.96;25.29;120.2;47.51;4.94;Drip;Mixed;15.37;24/02/2024;31/05/2024;97;3926.07;SENS0223;25/04/2024;21.975.529;81.815.818;0.69;Severe
FARM0224;North India;Rice;11.51;6.65;18.22;207.39;41.96;7.43;Drip;Organic;16.62;17/01/2024;11/05/2024;115;4397.43;SENS0224;29/03/2024;25.940.568;8.757.018;0.74;Moderate
FARM0225;North India;Rice;25.72;7.49;32.35;92.64;81.52;7.61;Sprinkler;Mixed;34.68;06/02/2024;21/06/2024;136;4742.36;SENS0225;01/06/2024;24.913.334;71.376.858;0.53;Mild
FARM0228;Central USA;Soybean;40.69;6.32;18.78;227.29;79.47;7.47;Drip;Mixed;5.32;07/03/2024;19/07/2024;134;5217.15;SENS0228;19/06/2024;19.056.745;73.095.572;0.69;Moderate
FARM0230;South India;Cotton;37.41;7.4;17.01;177.09;79.3;8.81;Drip;Organic;22.51;01/03/2024;20/07/2024;141;2364.35;SENS0230;07/04/2024;21.791.717;82.004.909;0.35;Moderate
FARM0231;South India;Maize;12.8;5.58;22.69;296.11;70.7;7.13;Drip;Organic;33.81;01/02/2024;13/05/2024;102;5402.27;SENS0231;13/05/2024;22.953.832;7.389.493;0.77;Mild
FARM0233;Central USA;Maize;17.92;7.43;24.1;150.99;40.23;5.05;Drip;Mixed;8.26;11/02/2024;10/07/2024;150;2468.04;SENS0233;21/06/2024;33.917.734;87.522.261;0.79;Moderate
FARM0234;South USA;Cotton;29.71;7.04;30.15;290.31;62.94;6.76;Drip;Inorganic;10.23;13/01/2024;22/05/2024;130;5154.62;SENS0234;09/03/2024;26.922.824;74.598.603;0.49;Moderate
FARM0235;East Africa;Soybean;10.34;7.16;19.97;73.25;73.68;8.93;Drip;Mixed;46.91;11/02/2024;02/06/2024;112;2874.26;SENS0235;24/04/2024;16.726.895;88.942.362;0.71;Mild
FARM0237;South USA;Maize;31.72;6.48;34.71;274.25;83.44;6.94;Manual;Inorganic;14.99;05/03/2024;06/06/2024;93;4102.94;SENS0237;28/04/2024;21.958.002;80.815.359;0.6;Severe
FARM0238;South India;Cotton;44.18;6.9;24.2;222.3;40.59;5.26;Drip;Inorganic;21.27;06/02/2024;10/06/2024;125;3051.4;SENS0238;11/03/2024;21.783.634;82.261.681;0.52;Severe
FARM0241;South USA;Maize;19.09;6.22;26.15;252.5;57.21;6.47;Manual;Mixed;48.34;19/01/2024;24/05/2024;126;4599.46;SENS0241;27/03/2024;14.363.471;85.606.182;0.51;Severe
FARM0242;South USA;Wheat;23.34;6.07;27.63;86.21;48.38;8.85;Manual;Inorganic;33.41;13/03/2024;04/08/2024;144;5628.29;SENS0242;02/04/2024;14.049.987;74.564.359;0.49;Moderate
FARM0244;South USA;Wheat;13.34;7.37;24.46;63.46;78.55;7.14;Drip;Organic;16.81;03/01/2024;13/05/2024;131;5726.36;SENS0244;11/04/2024;17.734.266;7.494.793;0.47;Mild
FARM0245;South India;Soybean;39.35;5.56;28.27;265.09;56.26;6.86;Manual;Mixed;25.02;18/03/2024;27/06/2024;101;4363.32;SENS0245;15/05/2024;25.776.188;82.717.023;0.64;Moderate
FARM0246;Central USA;Cotton;28.89;7.11;23.84;141.45;52.99;5.82;Drip;Mixed;41.69;12/01/2024;29/04/2024;108;3876.79;SENS0246;13/01/2024;27.194.249;79.838.633;0.75;Moderate
FARM0249;Central USA;Rice;35.03;6.95;19.66;87.67;64.68;6.05;Manual;Inorganic;49.91;23/02/2024;12/07/2024;140;2126.95;SENS0249;14/03/2024;31.088.657;89.032.881;0.33;Severe
FARM0250;North India;Soybean;26.46;5.88;31.83;254.31;81.41;4.73;Sprinkler;Inorganic;39.71;08/02/2024;24/06/2024;137;5978.14;SENS0250;29/03/2024;21.520.866;85.419.919;0.61;Mild
FARM0251;South USA;Cotton;33.85;6.12;21.46;207.29;42.11;9.62;Drip;Inorganic;26.66;07/02/2024;30/05/2024;113;5550.08;SENS0251;27/05/2024;2.666.737;89.465.481;0.44;Severe
FARM0253;North India;Maize;32.56;6.9;30.83;81.46;51.63;9.89;Manual;Inorganic;37.99;23/01/2024;16/05/2024;114;3432.67;SENS0253;09/02/2024;16.267.406;70.789.771;0.72;Moderate
FARM0254;East Africa;Cotton;16.64;5.87;21.95;233.1;53.77;8.99;Sprinkler;Organic;28.9;10/02/2024;01/07/2024;142;3053.4;SENS0254;13/05/2024;21.351.974;85.518.358;0.6;Mild
FARM0257;South USA;Wheat;26.38;6.78;22.22;235.87;84.52;8.93;Drip;Mixed;16.96;24/01/2024;27/04/2024;94;5337.83;SENS0257;02/02/2024;33.615.087;89.211.735;0.36;Mild
FARM0259;East Africa;Cotton;27.66;6.82;25.68;199.98;86.68;9.41;Manual;Inorganic;23.56;14/03/2024;03/08/2024;142;4903.47;SENS0259;14/05/2024;24.078.618;74.278.563;0.76;Moderate
FARM0260;Central USA;Cotton;25.66;6.29;29.53;295.74;69.79;7.11;Manual;Organic;18.52;07/01/2024;30/05/2024;144;3259.62;SENS0260;17/03/2024;32.977.802;8.022.543;0.64;Mild
FARM0264;East Africa;Cotton;19.19;6.3;23.69;224.47;78.1;6.89;Sprinkler;Inorganic;22.79;07/03/2024;10/07/2024;125;4463.99;SENS0264;09/06/2024;23.106.195;74.846.302;0.46;Severe
FARM0265;Central USA;Soybean;13.14;6.84;23.47;137.08;56.04;7.56;Drip;Inorganic;12.62;20/02/2024;11/07/2024;142;5960.64;SENS0265;12/06/2024;25.579.554;78.809.268;0.85;Mild
FARM0266;South India;Maize;15.46;6.96;16.72;234.9;52.15;7.73;Sprinkler;Inorganic;5.62;26/03/2024;01/07/2024;97;3220.47;SENS0266;25/05/2024;10.568.703;74.180.191;0.62;Mild
FARM0270;East Africa;Maize;17.9;6.18;22.86;84.32;76.49;7.12;Sprinkler;Inorganic;15.82;14/01/2024;02/05/2024;109;5638.94;SENS0270;25/02/2024;2.122.923;72.635.443;0.69;Mild
FARM0271;South India;Maize;34.1;7.3;33.19;157.52;85.45;8.62;Sprinkler;Inorganic;8.05;24/03/2024;29/06/2024;97;2736.54;SENS0271;11/04/2024;28.176.988;853.087;0.83;Severe
FARM0272;South USA;Maize;25.51;7.37;32.88;283.31;53.69;8.67;Drip;Organic;13.31;20/03/2024;05/07/2024;107;4422.42;SENS0272;06/06/2024;15.772.784;74.643.651;0.71;Moderate
FARM0275;East Africa;Wheat;25.81;7.15;15.85;298.96;65.94;6.37;Drip;Mixed;22.43;02/03/2024;12/06/2024;102;3164.72;SENS0275;21/04/2024;32.109.939;8.547.354;0.47;Mild
FARM0276;South USA;Maize;31.46;5.61;25.34;85.56;81.49;6.71;Drip;Organic;40.04;18/03/2024;24/06/2024;98;3572.27;SENS0276;28/04/2024;21.272.146;73.577.572;0.65;Mild
FARM0277;South USA;Wheat;18.75;6.88;33.14;249.12;75.92;4.74;Drip;Mixed;25.22;03/02/2024;05/06/2024;123;4829.12;SENS0277;06/05/2024;29.776.665;80.233.329;0.87;Severe
FARM0278;East Africa;Cotton;11.54;5.84;21.7;267.83;83.13;4.97;Sprinkler;Organic;39.61;14/01/2024;02/05/2024;109;3238.07;SENS0278;21/04/2024;34.024.153;75.775.611;0.41;Mild
FARM0280;East Africa;Soybean;38.7;5.92;18.7;63.77;57.45;4.87;Drip;Mixed;31.01;10/03/2024;29/06/2024;111;5681.54;SENS0280;16/03/2024;12.722.191;89.874.704;0.4;Moderate
FARM0281;East Africa;Soybean;30.03;6.62;34.33;237.33;58.01;4.22;Manual;Inorganic;21.59;27/02/2024;31/05/2024;94;5033.77;SENS0281;07/05/2024;11.623.147;79.416.337;0.37;Moderate
FARM0282;Central USA;Soybean;24.48;5.92;19.18;64.55;68.57;9.88;Drip;Inorganic;37.58;26/03/2024;08/08/2024;135;3148.75;SENS0282;15/06/2024;16.491.501;81.502.854;0.67;Mild
FARM0283;East Africa;Soybean;27.37;6.96;24.95;252.0;84.18;5.4;Manual;Organic;5.07;15/01/2024;24/05/2024;130;5186.93;SENS0283;08/03/2024;29.989.109;8.997.974;0.55;Moderate
FARM0284;Central USA;Soybean;38.21;5.92;27.81;222.5;52.72;4.41;Manual;Mixed;29.75;04/01/2024;16/05/2024;133;3333.13;SENS0284;14/04/2024;28.109.916;82.319.867;0.32;Mild
FARM0285;South India;Maize;39.18;7.34;24.58;168.63;41.78;4.81;Sprinkler;Mixed;25.73;11/03/2024;08/07/2024;119;5135.96;SENS0285;02/05/2024;33.194.749;71.120.446;0.61;Moderate
FARM0286;East Africa;Soybean;10.66;6.65;21.63;279.05;79.79;4.4;Sprinkler;Inorganic;42.83;13/02/2024;22/06/2024;130;4137.09;SENS0286;26/03/2024;24.274.541;77.791.325;0.66;Moderate
FARM0287;Central USA;Wheat;19.5;5.67;32.54;142.9;81.47;5.82;Manual;Organic;10.05;25/01/2024;06/05/2024;102;5653.42;SENS0287;21/03/2024;22.649.867;85.980.506;0.84;Mild
FARM0293;Central USA;Cotton;27.06;5.63;17.26;169.66;82.29;5.69;Manual;Mixed;30.86;04/03/2024;27/06/2024;115;5270.21;SENS0293;13/06/2024;12.674.532;81.122.997;0.34;Moderate
FARM0297;Central USA;Wheat;30.4;6.72;25.21;261.91;82.63;4.37;Drip;Organic;36.65;04/02/2024;28/06/2024;145;3128.84;SENS0297;11/02/2024;15.881.029;84.044.438;0.54;Moderate
FARM0298;South USA;Cotton;23.35;6.59;28.25;168.72;49.41;6.31;Manual;Inorganic;11.94;05/03/2024;11/06/2024;98;2046.41;SENS0298;26/05/2024;10.392.695;84.426.785;0.59;Severe
FARM0299;South India;Wheat;14.8;7.11;32.2;273.4;74.77;9.58;Sprinkler;Inorganic;27.92;27/03/2024;23/07/2024;118;3538.86;SENS0299;24/04/2024;14.644.776;82.091.465;0.65;Mild
FARM0300;East Africa;Maize;24.38;6.59;22.34;294.56;68.41;8.23;Drip;Mixed;26.67;03/03/2024;10/06/2024;99;4920.74;SENS0300;09/05/2024;34.589.477;89.673.368;0.77;Severe
FARM0301;East Africa;Wheat;28.32;6.72;19.9;207.67;73.19;8.01;Manual;Mixed;7.37;18/02/2024;06/07/2024;139;2043.13;SENS0301;13/06/2024;22.816.578;79.384.648;0.74;Severe
FARM0303;South India;Soybean;12.69;7.07;20.04;203.95;53.76;5.54;Drip;Mixed;12.86;24/03/2024;01/07/2024;99;4636.62;SENS0303;10/05/2024;30.196.017;75.225.052;0.72;Severe
FARM0306;East Africa;Wheat;13.41;6.56;22.08;261.06;70.52;7.91;Manual;Inorganic;17.16;09/01/2024;19/05/2024;131;4336.71;SENS0306;06/05/2024;29.328.775;84.981.818;0.74;Mild
FARM0308;East Africa;Rice;43.27;6.78;29.16;79.99;82.82;4.78;Sprinkler;Organic;36.3;10/02/2024;08/06/2024;119;4641.91;SENS0308;19/02/2024;25.969.513;88.453.908;0.47;Severe
FARM0310;South USA;Maize;13.62;5.65;26.43;112.65;62.29;9.38;Sprinkler;Mixed;33.82;22/01/2024;15/05/2024;114;3065.75;SENS0310;20/04/2024;18.245.772;77.826.607;0.3;Severe
FARM0318;Central USA;Cotton;10.16;5.97;17.35;182.55;44.78;6.17;Sprinkler;Inorganic;39.66;07/03/2024;22/06/2024;107;2212.28;SENS0318;21/03/2024;29.915.324;83.704.875;0.88;Severe
FARM0320;East Africa;Soybean;21.41;5.9;28.54;131.42;78.95;5.96;Drip;Organic;38.2;13/01/2024;08/06/2024;147;2882.65;SENS0320;12/05/2024;24.627.306;71.086.787;0.56;Mild
FARM0321;East Africa;Cotton;16.23;6.25;24.15;98.54;57.93;5.62;Manual;Organic;6.44;02/03/2024;17/06/2024;107;2546.01;SENS0321;30/04/2024;21.464.473;73.424.026;0.51;Moderate
FARM0322;East Africa;Rice;37.63;6.78;27.23;92.48;88.51;9.13;Drip;Inorganic;43.56;28/02/2024;10/06/2024;103;4366.32;SENS0322;27/04/2024;16.979.272;84.600.355;0.74;Mild
FARM0325;South USA;Cotton;37.01;7.25;23.11;247.46;58.52;6.79;Drip;Mixed;8.18;11/03/2024;12/07/2024;123;2130.86;SENS0325;04/05/2024;288.222;839.611;0.67;Mild
FARM0326;North India;Soybean;40.83;6.97;16.1;286.33;73.73;9.33;Drip;Inorganic;21.45;02/03/2024;23/06/2024;113;3465.73;SENS0326;23/05/2024;23.969.761;71.340.118;0.73;Mild
FARM0327;South India;Maize;18.35;5.73;24.57;284.79;69.01;9.75;Sprinkler;Mixed;39.24;12/02/2024;08/07/2024;147;3069.43;SENS0327;30/05/2024;16.928.633;71.267.384;0.51;Severe
FARM0331;South India;Maize;19.95;7.41;27.37;90.2;66.77;5.09;Sprinkler;Mixed;36.18;26/03/2024;03/07/2024;99;2645.02;SENS0331;09/04/2024;11.028.786;76.332.517;0.38;Moderate
FARM0332;Central USA;Rice;17.18;6.91;28.31;294.51;47.4;6.69;Sprinkler;Mixed;18.57;13/01/2024;10/06/2024;149;3997.67;SENS0332;19/02/2024;33.694.726;88.556.226;0.39;Moderate
FARM0336;South USA;Rice;39.24;6.7;17.87;125.81;89.42;7.15;Manual;Organic;46.99;25/03/2024;17/07/2024;114;2353.79;SENS0336;16/05/2024;2.597.015;75.466.577;0.4;Severe
FARM0337;East Africa;Rice;16.97;7.16;20.79;172.65;81.14;5.81;Manual;Inorganic;30.17;08/02/2024;09/05/2024;91;5164.88;SENS0337;27/02/2024;16.566.926;89.120.532;0.8;Severe
FARM0340;East Africa;Rice;36.83;5.87;16.89;238.16;67.19;9.23;Manual;Inorganic;35.84;12/03/2024;16/06/2024;96;4137.68;SENS0340;26/04/2024;3.058.287;70.257.953;0.61;Moderate
FARM0341;South USA;Cotton;21.91;7.32;17.05;88.64;51.06;5.13;Drip;Inorganic;25.72;04/01/2024;25/05/2024;142;2524.93;SENS0341;08/01/2024;21.987.956;76.231.469;0.52;Severe
FARM0342;East Africa;Soybean;36.73;6.18;29.2;57.19;80.73;5.33;Sprinkler;Mixed;15.2;07/01/2024;14/04/2024;98;5924.44;SENS0342;01/03/2024;27.270.453;85.680.594;0.35;Severe
FARM0343;South USA;Wheat;16.87;5.57;28.2;198.29;63.45;9.45;Drip;Organic;18.57;25/01/2024;30/04/2024;96;5129.48;SENS0343;11/04/2024;1.513.503;88.023.497;0.41;Moderate
FARM0347;South India;Wheat;41.32;7.1;33.78;141.86;40.64;8.04;Drip;Inorganic;24.71;22/03/2024;25/06/2024;95;2476.87;SENS0347;11/05/2024;20.015.607;81.811.145;0.36;Mild
FARM0349;South USA;Soybean;19.76;7.04;17.16;112.67;64.86;7.77;Sprinkler;Organic;9.48;27/01/2024;30/04/2024;94;3992.54;SENS0349;30/01/2024;34.301.814;7.765.266;0.71;Mild
FARM0350;Central USA;Soybean;31.81;7.02;28.22;179.99;64.61;6.8;Manual;Mixed;27.41;09/03/2024;11/07/2024;124;3374.46;SENS0350;27/06/2024;23.513.225;70.353.408;0.76;Severe
FARM0351;North India;Cotton;25.75;7.21;23.85;59.0;48.84;7.96;Manual;Mixed;12.39;05/02/2024;24/05/2024;109;4862.89;SENS0351;07/04/2024;29.100.278;81.377.104;0.59;Severe
FARM0352;South USA;Soybean;39.9;6.51;22.83;173.67;88.54;7.7;Manual;Inorganic;19.42;19/01/2024;20/04/2024;92;2512.79;SENS0352;05/03/2024;1.872.192;84.841.143;0.32;Moderate
FARM0353;South USA;Wheat;24.99;7.48;23.24;64.11;52.21;5.41;Manual;Mixed;8.82;03/03/2024;26/07/2024;145;3219.65;SENS0353;28/05/2024;14.244.481;80.768.336;0.32;Severe
FARM0356;East Africa;Maize;19.57;6.63;25.62;156.78;57.37;4.46;Manual;Mixed;41.19;22/02/2024;25/06/2024;124;3253.41;SENS0356;15/04/2024;20.057.524;82.499.278;0.57;Mild
FARM0358;South USA;Maize;40.11;7.32;27.68;261.49;53.35;5.72;Sprinkler;Inorganic;35.91;13/01/2024;27/04/2024;105;2454.23;SENS0358;06/02/2024;10.692.604;85.940.895;0.49;Severe
FARM0359;East Africa;Cotton;24.77;7.31;19.04;118.18;41.46;8.74;Manual;Mixed;29.78;28/03/2024;28/06/2024;92;5855.15;SENS0359;29/05/2024;29.555.844;71.106.545;0.84;Moderate
FARM0361;South India;Soybean;14.28;7.11;21.59;196.08;59.5;8.49;Sprinkler;Inorganic;14.81;06/01/2024;18/04/2024;103;5879.69;SENS0361;02/03/2024;20.209.389;87.257.999;0.33;Moderate
FARM0363;Central USA;Soybean;23.46;6.78;29.01;275.79;74.26;7.21;Sprinkler;Inorganic;22.48;09/02/2024;28/05/2024;109;2361.0;SENS0363;24/05/2024;28.916.698;75.948.458;0.82;Mild
FARM0365;Central USA;Cotton;31.07;7.13;29.76;163.32;41.37;4.31;Sprinkler;Mixed;24.95;05/03/2024;03/06/2024;90;3602.65;SENS0365;24/05/2024;17.638.688;81.516.187;0.37;Mild
FARM0366;East Africa;Rice;39.64;6.87;30.85;129.85;63.92;8.41;Manual;Organic;35.94;26/02/2024;13/06/2024;108;2794.65;SENS0366;19/04/2024;19.189.989;77.869.884;0.53;Mild
FARM0367;North India;Wheat;42.31;6.79;27.53;276.71;88.71;5.19;Sprinkler;Organic;23.05;20/02/2024;05/06/2024;106;2597.0;SENS0367;07/04/2024;14.253.072;81.344.858;0.31;Severe
FARM0370;North India;Soybean;12.06;6.17;19.7;277.06;89.84;9.64;Drip;Organic;16.41;13/03/2024;30/06/2024;109;5910.1;SENS0370;06/06/2024;1.927.253;89.361.156;0.64;Mild
FARM0371;Central USA;Rice;27.63;7.36;32.56;82.98;55.87;7.18;Sprinkler;Inorganic;10.26;05/01/2024;05/05/2024;121;5486.72;SENS0371;20/04/2024;17.025.016;77.211.844;0.56;Moderate
FARM0373;North India;Cotton;22.48;6.92;24.7;173.25;82.29;9.2;Drip;Inorganic;9.21;06/02/2024;28/06/2024;143;2673.18;SENS0373;15/06/2024;30.564.294;81.264.948;0.7;Mild
FARM0374;East Africa;Wheat;28.41;6.64;23.33;69.21;78.41;8.06;Manual;Organic;17.79;04/03/2024;27/06/2024;115;3494.23;SENS0374;17/03/2024;3.092.443;73.075.509;0.35;Severe
FARM0375;South USA;Maize;30.8;5.51;34.4;214.04;87.54;5.95;Sprinkler;Organic;43.85;10/03/2024;28/06/2024;110;5192.59;SENS0375;13/06/2024;11.768.102;89.038.004;0.53;Severe
FARM0379;East Africa;Wheat;27.87;6.33;24.29;230.08;80.64;6.13;Drip;Mixed;5.73;22/03/2024;19/07/2024;119;2718.21;SENS0379;14/04/2024;31.072.746;70.905.174;0.55;Moderate
FARM0382;South India;Wheat;17.32;6.8;27.99;158.95;71.3;8.74;Sprinkler;Organic;18.54;05/02/2024;04/06/2024;120;3687.52;SENS0382;19/02/2024;14.152.637;73.048.445;0.72;Severe
FARM0384;South USA;Cotton;27.01;6.68;27.23;219.67;80.83;6.93;Drip;Mixed;5.86;11/03/2024;14/07/2024;125;2254.04;SENS0384;03/07/2024;26.207.507;87.782.812;0.37;Moderate
FARM0385;South USA;Cotton;10.73;6.08;18.84;135.96;51.61;5.32;Manual;Mixed;43.41;22/03/2024;19/07/2024;119;2524.63;SENS0385;28/04/2024;28.074.875;77.807.425;0.55;Moderate
FARM0388;North India;Cotton;37.96;7.43;30.12;293.66;79.08;7.66;Drip;Mixed;6.89;06/01/2024;15/05/2024;130;2472.24;SENS0388;27/02/2024;32.774.644;73.140.651;0.48;Severe
FARM0391;North India;Maize;21.02;7.46;18.29;65.37;77.96;7.96;Sprinkler;Mixed;7.6;23/03/2024;11/08/2024;141;4641.45;SENS0391;03/08/2024;34.316.529;78.386.106;0.83;Moderate
FARM0392;Central USA;Maize;10.28;6.06;25.56;280.11;75.01;6.68;Sprinkler;Mixed;33.1;21/03/2024;17/07/2024;118;4789.88;SENS0392;12/07/2024;30.295.777;8.297.514;0.77;Moderate
FARM0393;North India;Wheat;28.81;6.28;29.38;269.97;66.02;7.24;Sprinkler;Organic;28.03;17/02/2024;07/06/2024;111;5028.19;SENS0393;08/03/2024;10.585.544;87.806.387;0.62;Moderate
FARM0394;South India;Maize;35.43;7.47;17.21;64.99;58.65;7.76;Manual;Organic;7.15;04/03/2024;30/06/2024;118;3191.84;SENS0394;06/06/2024;10.130.335;76.779.606;0.44;Mild
FARM0398;Central USA;Maize;44.69;6.11;24.72;247.8;47.11;7.54;Drip;Inorganic;45.01;06/01/2024;27/05/2024;142;4958.64;SENS0398;06/01/2024;13.058.198;76.972.979;0.82;Severe
FARM0399;South USA;Soybean;20.84;6.4;21.76;144.33;81.72;9.0;Sprinkler;Organic;27.71;25/02/2024;22/06/2024;118;4668.88;SENS0399;15/03/2024;31.658.639;76.504.326;0.78;Severe
FARM0400;South USA;Rice;41.51;6.18;15.92;217.61;62.15;5.66;Drip;Organic;36.82;21/03/2024;08/08/2024;140;5086.38;SENS0400;08/06/2024;24.026.109;72.475.632;0.64;Mild
FARM0403;South India;Maize;43.33;6.86;16.18;290.28;49.07;8.28;Manual;Inorganic;9.44;14/01/2024;09/06/2024;147;3296.87;SENS0403;19/04/2024;33.539.438;8.799.003;0.33;Mild
FARM0405;East Africa;Rice;20.66;6.31;16.68;208.95;50.17;9.81;Manual;Mixed;49.34;18/01/2024;16/06/2024;150;3695.01;SENS0405;08/06/2024;2.129.355;70.020.021;0.58;Moderate
FARM0406;South India;Wheat;12.11;7.34;20.47;112.72;74.0;10.0;Sprinkler;Mixed;42.83;02/02/2024;12/05/2024;100;4956.73;SENS0406;14/04/2024;1.174.838;71.794.302;0.72;Mild
FARM0407;East Africa;Maize;40.74;5.92;25.1;250.51;84.2;9.67;Manual;Mixed;25.37;22/01/2024;11/05/2024;110;3366.52;SENS0407;20/03/2024;33.974.817;76.569.145;0.85;Mild
FARM0409;East Africa;Maize;23.54;7.18;31.24;295.95;46.24;6.22;Sprinkler;Inorganic;5.42;01/03/2024;17/07/2024;138;3124.54;SENS0409;31/05/2024;14.787.792;86.325.616;0.68;Mild
FARM0411;North India;Soybean;14.49;5.63;20.19;192.48;51.4;7.14;Manual;Organic;43.15;23/01/2024;04/06/2024;133;4131.77;SENS0411;27/03/2024;27.017.009;87.662.039;0.3;Severe
FARM0413;South India;Cotton;43.52;7.33;18.94;132.31;43.14;7.75;Drip;Inorganic;24.44;19/01/2024;08/06/2024;141;4505.19;SENS0413;13/04/2024;3.101.269;74.943.071;0.58;Moderate
FARM0417;North India;Rice;20.91;6.37;34.19;238.59;55.56;9.31;Sprinkler;Organic;26.13;11/03/2024;27/06/2024;108;3475.32;SENS0417;12/03/2024;22.942.015;83.153.536;0.39;Mild
FARM0418;East Africa;Soybean;40.05;6.34;18.91;100.09;85.43;8.71;Manual;Organic;35.05;23/03/2024;20/07/2024;119;4399.05;SENS0418;04/05/2024;31.300.217;81.321.938;0.5;Moderate
FARM0419;South USA;Maize;15.68;6.41;30.78;60.55;50.97;4.02;Sprinkler;Mixed;15.36;07/03/2024;20/06/2024;105;3922.98;SENS0419;13/06/2024;33.814.706;76.630.302;0.74;Mild
FARM0423;South India;Soybean;43.89;7.27;19.18;70.35;63.53;7.98;Drip;Organic;27.89;25/03/2024;25/07/2024;122;3497.06;SENS0423;30/05/2024;21.606.682;76.436.463;0.52;Severe
FARM0426;Central USA;Wheat;20.31;6.5;25.93;69.54;53.82;5.37;Drip;Organic;21.21;07/03/2024;26/06/2024;111;2786.59;SENS0426;18/04/2024;16.250.591;84.904.227;0.76;Moderate
FARM0427;South India;Soybean;44.93;7.5;30.05;234.96;85.62;4.05;Manual;Inorganic;42.0;13/02/2024;04/07/2024;142;4319.82;SENS0427;16/02/2024;218.001;80.252.939;0.76;Mild
FARM0431;North India;Rice;13.65;6.61;15.64;222.26;64.43;5.12;Drip;Inorganic;17.77;10/01/2024;21/05/2024;132;4097.58;SENS0431;05/05/2024;1.143.633;80.370.634;0.4;Severe
FARM0432;South USA;Rice;44.64;5.76;23.37;235.79;59.45;9.42;Sprinkler;Organic;44.17;14/02/2024;05/07/2024;142;4838.69;SENS0432;14/06/2024;13.969.531;81.501.828;0.49;Mild
FARM0433;East Africa;Cotton;19.64;5.51;17.85;65.99;59.96;8.85;Manual;Mixed;44.57;15/02/2024;20/06/2024;126;2156.34;SENS0433;26/02/2024;17.197.795;87.619.881;0.57;Moderate
FARM0435;North India;Rice;41.81;6.32;30.24;80.31;58.44;8.53;Manual;Inorganic;25.29;07/02/2024;08/06/2024;122;2178.54;SENS0435;10/02/2024;11.829.887;83.889.714;0.75;Severe
FARM0444;South USA;Wheat;43.38;5.6;34.84;284.57;46.28;5.04;Sprinkler;Organic;27.83;24/02/2024;22/06/2024;119;3245.85;SENS0444;26/05/2024;14.938.407;78.480.336;0.66;Moderate
FARM0446;South USA;Cotton;39.89;7.02;33.43;198.8;47.64;8.36;Manual;Inorganic;25.86;10/02/2024;03/06/2024;114;4248.57;SENS0446;11/04/2024;11.798.491;72.733.127;0.58;Mild
FARM0447;South India;Wheat;10.45;6.5;29.51;172.86;86.28;9.64;Manual;Inorganic;27.03;19/03/2024;21/06/2024;94;3635.15;SENS0447;23/03/2024;34.811.812;7.248.955;0.86;Mild
FARM0449;South India;Maize;31.19;7.39;17.95;111.85;68.92;7.98;Sprinkler;Organic;10.25;21/01/2024;04/06/2024;135;5667.53;SENS0449;01/05/2024;27.651.744;89.482.912;0.35;Mild
FARM0450;South USA;Rice;39.04;6.01;21.04;291.92;72.92;6.3;Manual;Mixed;23.52;28/03/2024;01/07/2024;95;2437.1;SENS0450;09/06/2024;29.417.278;76.887.856;0.39;Mild
FARM0453;North India;Soybean;18.22;6.47;30.21;52.38;53.3;9.73;Drip;Organic;14.5;13/01/2024;20/05/2024;128;4080.3;SENS0453;21/03/2024;3.330.321;79.464.636;0.5;Severe
FARM0462;Central USA;Soybean;26.74;7.16;24.9;226.04;58.84;9.89;Manual;Organic;42.25;28/01/2024;12/06/2024;136;5737.73;SENS0462;25/03/2024;27.510.185;71.051.326;0.82;Mild
FARM0465;Central USA;Soybean;13.57;7.07;32.17;144.14;89.14;8.08;Sprinkler;Organic;9.32;06/02/2024;05/07/2024;150;2209.89;SENS0465;16/06/2024;26.252.445;81.867.848;0.88;Severe
FARM0466;South India;Wheat;14.16;6.29;21.05;199.04;48.62;8.47;Drip;Inorganic;43.92;13/03/2024;28/06/2024;107;4529.33;SENS0466;08/05/2024;19.183.076;72.400.008;0.35;Severe
FARM0467;East Africa;Rice;10.81;6.65;26.45;118.43;77.27;8.77;Sprinkler;Inorganic;26.79;23/03/2024;18/07/2024;117;3193.45;SENS0467;08/04/2024;12.486.031;71.269.966;0.85;Mild
FARM0469;South India;Soybean;17.22;5.82;26.25;262.86;41.75;9.88;Manual;Inorganic;48.48;14/01/2024;12/06/2024;150;4632.64;SENS0469;17/03/2024;17.514.999;88.924.292;0.61;Moderate
FARM0470;East Africa;Cotton;14.89;6.48;21.26;277.7;89.84;7.64;Sprinkler;Mixed;9.46;08/01/2024;09/04/2024;92;2752.29;SENS0470;15/02/2024;31.402.129;74.304.259;0.38;Mild
FARM0471;East Africa;Maize;19.71;6.96;23.44;187.46;53.03;7.9;Sprinkler;Inorganic;25.52;22/02/2024;18/06/2024;117;5760.8;SENS0471;11/03/2024;23.397.608;71.411.161;0.74;Mild
FARM0473;Central USA;Maize;37.23;5.79;30.96;118.41;44.9;9.88;Sprinkler;Inorganic;47.83;06/01/2024;08/05/2024;123;4913.31;SENS0473;14/02/2024;24.720.676;86.135.963;0.36;Moderate
FARM0474;East Africa;Maize;29.3;6.71;32.93;92.69;87.33;6.34;Manual;Mixed;35.5;18/03/2024;24/07/2024;128;5528.08;SENS0474;29/06/2024;21.921.547;72.551.444;0.31;Mild
FARM0475;South India;Rice;23.26;6.97;16.06;231.35;88.72;8.25;Sprinkler;Mixed;32.39;15/03/2024;24/06/2024;101;3755.84;SENS0475;29/04/2024;29.961.722;80.044.585;0.47;Severe
FARM0479;Central USA;Maize;26.91;6.03;15.04;207.79;59.68;9.54;Drip;Inorganic;45.16;02/02/2024;24/05/2024;112;2023.56;SENS0479;31/03/2024;18.213.795;77.077.855;0.3;Mild
FARM0481;North India;Cotton;32.97;6.38;17.8;236.77;40.29;9.3;Sprinkler;Organic;13.53;05/01/2024;29/04/2024;115;3684.22;SENS0481;16/02/2024;32.524.945;7.320.625;0.42;Severe
FARM0484;Central USA;Rice;33.32;6.36;24.48;245.68;45.15;8.38;Sprinkler;Organic;49.66;21/03/2024;29/07/2024;130;2594.9;SENS0484;20/04/2024;13.307.395;70.767.329;0.89;Mild
FARM0485;South USA;Wheat;31.58;5.68;16.02;151.82;55.32;7.8;Sprinkler;Organic;20.13;02/02/2024;03/06/2024;122;3708.29;SENS0485;08/02/2024;1.760.725;75.384.922;0.47;Moderate
FARM0487;East Africa;Rice;21.59;6.98;22.23;244.7;66.44;6.23;Manual;Organic;31.29;04/01/2024;11/04/2024;98;4518.23;SENS0487;21/03/2024;13.008.859;81.731.229;0.85;Mild
FARM0488;South India;Cotton;42.39;5.65;25.93;135.72;76.27;9.94;Sprinkler;Mixed;37.43;05/01/2024;16/04/2024;102;3672.85;SENS0488;05/04/2024;16.313.138;87.541.507;0.81;Moderate
FARM0489;Central USA;Cotton;32.05;5.73;23.72;170.71;66.19;9.71;Drip;Organic;31.96;05/03/2024;21/06/2024;108;2181.78;SENS0489;16/05/2024;11.519.835;8.944.948;0.41;Severe
FARM0492;North India;Maize;32.14;7.44;21.49;286.61;84.2;5.58;Sprinkler;Inorganic;45.43;11/02/2024;14/05/2024;93;4503.82;SENS0492;12/02/2024;30.598.295;74.385.592;0.88;Mild
FARM0494;South India;Cotton;18.11;6.95;22.37;275.54;44.68;5.09;Sprinkler;Organic;13.5;24/02/2024;04/06/2024;101;4590.26;SENS0494;26/02/2024;17.754.006;87.705.061;0.79;Mild
FARM0496;Central USA;Rice;42.85;6.7;30.85;52.35;79.58;7.25;Manual;Mixed;8.82;16/01/2024;02/06/2024;138;4251.4;SENS0496;08/05/2024;30.386.623;761.477;0.59;Mild
FARM0498;North India;Cotton;15.93;5.72;17.03;288.96;57.87;7.69;Drip;Inorganic;46.55;02/01/2024;09/05/2024;128;2604.41;SENS0498;20/04/2024;23.262.016;8.199.223;0.71;Mild
FARM0499;Central USA;Soybean;38.61;6.2;17.08;279.06;73.09;9.6;Drip;Organic;43.78;25/01/2024;04/06/2024;131;2586.36;SENS0499;02/03/2024;19.764.989;84.426.869;0.77;Severe
